                  epoch,             train/loss,  metrics/accuracy_top1,  metrics/accuracy_top5,               val/loss,                 lr/pg0,                 lr/pg1,                 lr/pg2
                      1,                0.27841,                0.45161,                      1,                0.53016,              4.998e-05,              4.998e-05,              4.998e-05
                      2,                0.23453,                0.74194,                      1,                0.49874,             8.5894e-05,             8.5894e-05,             8.5894e-05
                      3,                 0.1863,                0.77419,                      1,                0.47931,             9.9189e-05,             9.9189e-05,             9.9189e-05
                      4,                 0.1553,                0.80645,                      1,                0.46099,             8.9864e-05,             8.9864e-05,             8.9864e-05
                      5,                 0.1363,                0.74194,                      1,                 0.4494,              5.792e-05,              5.792e-05,              5.792e-05
